{
  "best_metric": null,
  "best_model_checkpoint": null,
  "epoch": 1.3711151736745886,
  "eval_steps": 500,
  "global_step": 1500,
  "is_hyper_param_search": false,
  "is_local_process_zero": true,
  "is_world_process_zero": true,
  "log_history": [
    {
      "epoch": 0.4570383912248629,
      "grad_norm": 7.50465202331543,
      "learning_rate": 1.695307739183425e-05,
      "loss": 0.4472,
      "step": 500
    },
    {
      "epoch": 0.9140767824497258,
      "grad_norm": 18.314563751220703,
      "learning_rate": 1.3906154783668494e-05,
      "loss": 0.3543,
      "step": 1000
    },
    {
      "epoch": 1.0,
      "eval_accuracy": 0.8514666666666667,
      "eval_loss": 0.34033599495887756,
      "eval_runtime": 198.9555,
      "eval_samples_per_second": 75.394,
      "eval_steps_per_second": 2.357,
      "step": 1094
    },
    {
      "epoch": 1.3711151736745886,
      "grad_norm": 7.893686771392822,
      "learning_rate": 1.0859232175502743e-05,
      "loss": 0.309,
      "step": 1500
    }
  ],
  "logging_steps": 500,
  "max_steps": 3282,
  "num_input_tokens_seen": 0,
  "num_train_epochs": 3,
  "save_steps": 500,
  "stateful_callbacks": {
    "TrainerControl": {
      "args": {
        "should_epoch_stop": false,
        "should_evaluate": false,
        "should_log": false,
        "should_save": true,
        "should_training_stop": false
      },
      "attributes": {}
    }
  },
  "total_flos": 406443328905600.0,
  "train_batch_size": 32,
  "trial_name": null,
  "trial_params": null
}
